DATE,Number in Million
1/7/1967,208000
1/14/1967,207000
1/21/1967,217000
1/28/1967,204000
2/4/1967,216000
2/11/1967,229000
2/18/1967,229000
2/25/1967,242000
3/4/1967,310000
3/11/1967,241000
3/18/1967,245000
3/25/1967,247000
4/1/1967,259000
4/8/1967,257000
4/15/1967,299000
4/22/1967,245000
4/29/1967,255000
5/6/1967,254000
5/13/1967,231000
5/20/1967,230000
5/27/1967,228000
6/3/1967,248000
6/10/1967,238000
6/17/1967,224000
6/24/1967,218000
7/1/1967,209000
7/8/1967,240000
7/15/1967,241000
7/22/1967,240000
7/29/1967,209000
8/5/1967,221000
8/12/1967,202000
8/19/1967,215000
8/26/1967,213000
9/2/1967,218000
9/9/1967,231000
9/16/1967,220000
9/23/1967,209000
9/30/1967,204000
10/7/1967,231000
10/14/1967,206000
10/21/1967,223000
10/28/1967,207000
11/4/1967,222000
11/11/1967,214000
11/18/1967,198000
11/25/1967,191000
12/2/1967,196000
12/9/1967,221000
12/16/1967,204000
12/23/1967,219000
12/30/1967,216000
1/6/1968,222000
1/13/1968,222000
1/20/1968,221000
1/27/1968,198000
2/3/1968,244000
2/10/1968,210000
2/17/1968,196000
2/24/1968,193000
3/2/1968,190000
3/9/1968,204000
3/16/1968,190000
3/23/1968,200000
3/30/1968,192000
4/6/1968,191000
4/13/1968,171000
4/20/1968,183000
4/27/1968,251000
5/4/1968,209000
5/11/1968,194000
5/18/1968,199000
5/25/1968,194000
6/1/1968,199000
6/8/1968,192000
6/15/1968,194000
6/22/1968,189000
6/29/1968,194000
7/6/1968,214000
7/13/1968,186000
7/20/1968,180000
7/27/1968,205000
8/3/1968,206000
8/10/1968,218000
8/17/1968,192000
8/24/1968,193000
8/31/1968,188000
9/7/1968,189000
9/14/1968,195000
9/21/1968,191000
9/28/1968,189000
10/5/1968,185000
10/12/1968,186000
10/19/1968,191000
10/26/1968,182000
11/2/1968,181000
11/9/1968,183000
11/16/1968,192000
11/23/1968,199000
11/30/1968,162000
12/7/1968,188000
12/14/1968,195000
12/21/1968,192000
12/28/1968,223000
1/4/1969,190000
1/11/1969,191000
1/18/1969,192000
1/25/1969,193000
2/1/1969,203000
2/8/1969,197000
2/15/1969,192000
2/22/1969,192000
3/1/1969,201000
3/8/1969,191000
3/15/1969,189000
3/22/1969,181000
3/29/1969,183000
4/5/1969,182000
4/12/1969,190000
4/19/1969,187000
4/26/1969,177000
5/3/1969,177000
5/10/1969,183000
5/17/1969,179000
5/24/1969,180000
5/31/1969,187000
6/7/1969,192000
6/14/1969,182000
6/21/1969,191000
6/28/1969,203000
7/5/1969,227000
7/12/1969,210000
7/19/1969,206000
7/26/1969,192000
8/2/1969,196000
8/9/1969,203000
8/16/1969,199000
8/23/1969,199000
8/30/1969,195000
9/6/1969,182000
9/13/1969,209000
9/20/1969,195000
9/27/1969,193000
10/4/1969,193000
10/11/1969,200000
10/18/1969,199000
10/25/1969,205000
11/1/1969,198000
11/8/1969,211000
11/15/1969,197000
11/22/1969,217000
11/29/1969,202000
12/6/1969,202000
12/13/1969,222000
12/20/1969,232000
12/27/1969,223000
1/3/1970,230000
1/10/1970,242000
1/17/1970,268000
1/24/1970,256000
1/31/1970,239000
2/7/1970,256000
2/14/1970,265000
2/21/1970,271000
2/28/1970,242000
3/7/1970,262000
3/14/1970,271000
3/21/1970,264000
3/28/1970,276000
4/4/1970,273000
4/11/1970,305000
4/18/1970,374000
4/25/1970,349000
5/2/1970,334000
5/9/1970,318000
5/16/1970,303000
5/23/1970,296000
5/30/1970,301000
6/6/1970,301000
6/13/1970,298000
6/20/1970,296000
6/27/1970,291000
7/4/1970,277000
7/11/1970,288000
7/18/1970,294000
7/25/1970,287000
8/1/1970,261000
8/8/1970,266000
8/15/1970,300000
8/22/1970,303000
8/29/1970,297000
9/5/1970,324000
9/12/1970,292000
9/19/1970,325000
9/26/1970,333000
10/3/1970,350000
10/10/1970,327000
10/17/1970,334000
10/24/1970,330000
10/31/1970,327000
11/7/1970,336000
11/14/1970,314000
11/21/1970,314000
11/28/1970,337000
12/5/1970,308000
12/12/1970,306000
12/19/1970,289000
12/26/1970,321000
1/2/1971,303000
1/9/1971,288000
1/16/1971,299000
1/23/1971,312000
1/30/1971,292000
2/6/1971,296000
2/13/1971,282000
2/20/1971,268000
2/27/1971,290000
3/6/1971,297000
3/13/1971,287000
3/20/1971,291000
3/27/1971,300000
4/3/1971,299000
4/10/1971,279000
4/17/1971,284000
4/24/1971,288000
5/1/1971,290000
5/8/1971,293000
5/15/1971,284000
5/22/1971,295000
5/29/1971,299000
6/5/1971,301000
6/12/1971,295000
6/19/1971,299000
6/26/1971,291000
7/3/1971,277000
7/10/1971,264000
7/17/1971,313000
7/24/1971,304000
7/31/1971,308000
8/7/1971,349000
8/14/1971,325000
8/21/1971,320000
8/28/1971,307000
9/4/1971,359000
9/11/1971,312000
9/18/1971,302000
9/25/1971,308000
10/2/1971,299000
10/9/1971,313000
10/16/1971,299000
10/23/1971,294000
10/30/1971,283000
11/6/1971,301000
11/13/1971,295000
11/20/1971,274000
11/27/1971,278000
12/4/1971,299000
12/11/1971,280000
12/18/1971,269000
12/25/1971,244000
1/1/1972,279000
1/8/1972,295000
1/15/1972,250000
1/22/1972,263000
1/29/1972,269000
2/5/1972,276000
2/12/1972,266000
2/19/1972,258000
2/26/1972,254000
3/4/1972,257000
3/11/1972,264000
3/18/1972,266000
3/25/1972,264000
4/1/1972,258000
4/8/1972,274000
4/15/1972,259000
4/22/1972,259000
4/29/1972,265000
5/6/1972,271000
5/13/1972,266000
5/20/1972,267000
5/27/1972,267000
6/3/1972,264000
6/10/1972,268000
6/17/1972,275000
6/24/1972,286000
7/1/1972,350000
7/8/1972,297000
7/15/1972,318000
7/22/1972,276000
7/29/1972,247000
8/5/1972,250000
8/12/1972,246000
8/19/1972,256000
8/26/1972,262000
9/2/1972,258000
9/9/1972,259000
9/16/1972,258000
9/23/1972,255000
9/30/1972,251000
10/7/1972,263000
10/14/1972,250000
10/21/1972,257000
10/28/1972,234000
11/4/1972,255000
11/11/1972,242000
11/18/1972,271000
11/25/1972,235000
12/2/1972,226000
12/9/1972,252000
12/16/1972,263000
12/23/1972,246000
12/30/1972,225000
1/6/1973,226000
1/13/1973,245000
1/20/1973,229000
1/27/1973,214000
2/3/1973,228000
2/10/1973,226000
2/17/1973,216000
2/24/1973,218000
3/3/1973,225000
3/10/1973,229000
3/17/1973,228000
3/24/1973,232000
3/31/1973,222000
4/7/1973,247000
4/14/1973,230000
4/21/1973,243000
4/28/1973,236000
5/5/1973,248000
5/12/1973,238000
5/19/1973,237000
5/26/1973,238000
6/2/1973,232000
6/9/1973,246000
6/16/1973,237000
6/23/1973,242000
6/30/1973,237000
7/7/1973,248000
7/14/1973,232000
7/21/1973,241000
7/28/1973,250000
8/4/1973,256000
8/11/1973,265000
8/18/1973,258000
8/25/1973,254000
9/1/1973,242000
9/8/1973,252000
9/15/1973,245000
9/22/1973,246000
9/29/1973,249000
10/6/1973,236000
10/13/1973,246000
10/20/1973,249000
10/27/1973,235000
11/3/1973,246000
11/10/1973,282000
11/17/1973,254000
11/24/1973,233000
12/1/1973,256000
12/8/1973,266000
12/15/1973,272000
12/22/1973,326000
12/29/1973,300000
1/5/1974,269000
1/12/1974,340000
1/19/1974,321000
1/26/1974,291000
2/2/1974,302000
2/9/1974,369000
2/16/1974,311000
2/23/1974,292000
3/2/1974,301000
3/9/1974,305000
3/16/1974,315000
3/23/1974,314000
3/30/1974,323000
4/6/1974,296000
4/13/1974,297000
4/20/1974,296000
4/27/1974,283000
5/4/1974,287000
5/11/1974,296000
5/18/1974,298000
5/25/1974,309000
6/1/1974,278000
6/8/1974,314000
6/15/1974,303000
6/22/1974,308000
6/29/1974,325000
7/6/1974,311000
7/13/1974,304000
7/20/1974,303000
7/27/1974,320000
8/3/1974,335000
8/10/1974,347000
8/17/1974,332000
8/24/1974,343000
8/31/1974,350000
9/7/1974,350000
9/14/1974,357000
9/21/1974,370000
9/28/1974,366000
10/5/1974,371000
10/12/1974,413000
10/19/1974,389000
10/26/1974,414000
11/2/1974,406000
11/9/1974,441000
11/16/1974,449000
11/23/1974,518000
11/30/1974,474000
12/7/1974,528000
12/14/1974,510000
12/21/1974,521000
12/28/1974,537000
1/4/1975,456000
1/11/1975,554000
1/18/1975,575000
1/25/1975,555000
2/1/1975,559000
2/8/1975,545000
2/15/1975,530000
2/22/1975,544000
3/1/1975,546000
3/8/1975,551000
3/15/1975,531000
3/22/1975,550000
3/29/1975,555000
4/5/1975,537000
4/12/1975,520000
4/19/1975,531000
4/26/1975,513000
5/3/1975,505000
5/10/1975,507000
5/17/1975,514000
5/24/1975,493000
5/31/1975,475000
6/7/1975,529000
6/14/1975,497000
6/21/1975,497000
6/28/1975,459000
7/5/1975,423000
7/12/1975,446000
7/19/1975,445000
7/26/1975,454000
8/2/1975,454000
8/9/1975,459000
8/16/1975,444000
8/23/1975,457000
8/30/1975,446000
9/6/1975,447000
9/13/1975,456000
9/20/1975,433000
9/27/1975,445000
10/4/1975,426000
10/11/1975,429000
10/18/1975,404000
10/25/1975,426000
11/1/1975,414000
11/8/1975,415000
11/15/1975,386000
11/22/1975,401000
11/29/1975,387000
12/6/1975,373000
12/13/1975,368000
12/20/1975,365000
12/27/1975,391000
1/3/1976,362000
1/10/1976,402000
1/17/1976,370000
1/24/1976,363000
1/31/1976,359000
2/7/1976,353000
2/14/1976,344000
2/21/1976,347000
2/28/1976,349000
3/6/1976,348000
3/13/1976,360000
3/20/1976,368000
3/27/1976,366000
4/3/1976,380000
4/10/1976,373000
4/17/1976,361000
4/24/1976,367000
5/1/1976,385000
5/8/1976,395000
5/15/1976,382000
5/22/1976,394000
5/29/1976,402000
6/5/1976,382000
6/12/1976,407000
6/19/1976,399000
6/26/1976,387000
7/3/1976,394000
7/10/1976,372000
7/17/1976,406000
7/24/1976,394000
7/31/1976,388000
8/7/1976,378000
8/14/1976,382000
8/21/1976,400000
8/28/1976,394000
9/4/1976,421000
9/11/1976,383000
9/18/1976,403000
9/25/1976,423000
10/2/1976,408000
10/9/1976,411000
10/16/1976,403000
10/23/1976,409000
10/30/1976,414000
11/6/1976,390000
11/13/1976,383000
11/20/1976,408000
11/27/1976,377000
12/4/1976,402000
12/11/1976,395000
12/18/1976,365000
12/25/1976,333000
1/1/1977,380000
1/8/1977,416000
1/15/1977,368000
1/22/1977,423000
1/29/1977,422000
2/5/1977,565000
2/12/1977,477000
2/19/1977,399000
2/26/1977,362000
3/5/1977,361000
3/12/1977,355000
3/19/1977,369000
3/26/1977,356000
4/2/1977,350000
4/9/1977,376000
4/16/1977,361000
4/23/1977,375000
4/30/1977,375000
5/7/1977,384000
5/14/1977,381000
5/21/1977,375000
5/28/1977,381000
6/4/1977,363000
6/11/1977,358000
6/18/1977,359000
6/25/1977,365000
7/2/1977,350000
7/9/1977,361000
7/16/1977,366000
7/23/1977,365000
7/30/1977,365000
8/6/1977,378000
8/13/1977,359000
8/20/1977,367000
8/27/1977,365000
9/3/1977,374000
9/10/1977,359000
9/17/1977,362000
9/24/1977,380000
10/1/1977,348000
10/8/1977,365000
10/15/1977,358000
10/22/1977,375000
10/29/1977,349000
11/5/1977,366000
11/12/1977,334000
11/19/1977,360000
11/26/1977,354000
12/3/1977,367000
12/10/1977,364000
12/17/1977,359000
12/24/1977,344000
12/31/1977,364000
1/7/1978,346000
1/14/1978,343000
1/21/1978,352000
1/28/1978,363000
2/4/1978,360000
2/11/1978,373000
2/18/1978,429000
2/25/1978,371000
3/4/1978,355000
3/11/1978,359000
3/18/1978,347000
3/25/1978,335000
4/1/1978,333000
4/8/1978,345000
4/15/1978,309000
4/22/1978,319000
4/29/1978,324000
5/6/1978,334000
5/13/1978,322000
5/20/1978,334000
5/27/1978,318000
6/3/1978,310000
6/10/1978,331000
6/17/1978,326000
6/24/1978,330000
7/1/1978,348000
7/8/1978,356000
7/15/1978,352000
7/22/1978,349000
7/29/1978,346000
8/5/1978,365000
8/12/1978,354000
8/19/1978,343000
8/26/1978,333000
9/2/1978,313000
9/9/1978,337000
9/16/1978,322000
9/23/1978,323000
9/30/1978,318000
10/7/1978,343000
10/14/1978,316000
10/21/1978,338000
10/28/1978,316000
11/4/1978,317000
11/11/1978,304000
11/18/1978,342000
11/25/1978,359000
12/2/1978,377000
12/9/1978,344000
12/16/1978,347000
12/23/1978,352000
12/30/1978,358000
1/6/1979,359000
1/13/1979,392000
1/20/1979,337000
1/27/1979,342000
2/3/1979,348000
2/10/1979,359000
2/17/1979,367000
2/24/1979,360000
3/3/1979,355000
3/10/1979,363000
3/17/1979,359000
3/24/1979,353000
3/31/1979,360000
4/7/1979,465000
4/14/1979,457000
4/21/1979,383000
4/28/1979,357000
5/5/1979,353000
5/12/1979,344000
5/19/1979,346000
5/26/1979,349000
6/2/1979,336000
6/9/1979,365000
6/16/1979,351000
6/23/1979,379000
6/30/1979,369000
7/7/1979,368000
7/14/1979,368000
7/21/1979,395000
7/28/1979,386000
8/4/1979,412000
8/11/1979,386000
8/18/1979,387000
8/25/1979,390000
9/1/1979,389000
9/8/1979,378000
9/15/1979,384000
9/22/1979,388000
9/29/1979,390000
10/6/1979,412000
10/13/1979,393000
10/20/1979,406000
10/27/1979,398000
11/3/1979,395000
11/10/1979,414000
11/17/1979,430000
11/24/1979,414000
12/1/1979,416000
12/8/1979,415000
12/15/1979,411000
12/22/1979,471000
12/29/1979,428000
1/5/1980,394000
1/12/1980,405000
1/19/1980,446000
1/26/1980,412000
2/2/1980,404000
2/9/1980,425000
2/16/1980,415000
2/23/1980,428000
3/1/1980,409000
3/8/1980,418000
3/15/1980,432000
3/22/1980,435000
3/29/1980,475000
4/5/1980,464000
4/12/1980,544000
4/19/1980,548000
4/26/1980,563000
5/3/1980,572000
5/10/1980,601000
5/17/1980,642000
5/24/1980,627000
5/31/1980,637000
6/7/1980,610000
6/14/1980,592000
6/21/1980,599000
6/28/1980,627000
7/5/1980,579000
7/12/1980,533000
7/19/1980,567000
7/26/1980,558000
8/2/1980,569000
8/9/1980,533000
8/16/1980,525000
8/23/1980,512000
8/30/1980,502000
9/6/1980,511000
9/13/1980,492000
9/20/1980,465000
9/27/1980,463000
10/4/1980,462000
10/11/1980,447000
10/18/1980,425000
10/25/1980,418000
11/1/1980,419000
11/8/1980,407000
11/15/1980,427000
11/22/1980,398000
11/29/1980,412000
12/6/1980,416000
12/13/1980,413000
12/20/1980,412000
12/27/1980,399000
1/3/1981,410000
1/10/1981,419000
1/17/1981,421000
1/24/1981,396000
1/31/1981,419000
2/7/1981,420000
2/14/1981,423000
2/21/1981,438000
2/28/1981,434000
3/7/1981,409000
3/14/1981,408000
3/21/1981,401000
3/28/1981,412000
4/4/1981,417000
4/11/1981,396000
4/18/1981,392000
4/25/1981,436000
5/2/1981,413000
5/9/1981,423000
5/16/1981,414000
5/23/1981,415000
5/30/1981,417000
6/6/1981,428000
6/13/1981,425000
6/20/1981,435000
6/27/1981,444000
7/4/1981,460000
7/11/1981,426000
7/18/1981,430000
7/25/1981,407000
8/1/1981,476000
8/8/1981,448000
8/15/1981,442000
8/22/1981,434000
8/29/1981,451000
9/5/1981,473000
9/12/1981,454000
9/19/1981,475000
9/26/1981,491000
10/3/1981,489000
10/10/1981,491000
10/17/1981,487000
10/24/1981,483000
10/31/1981,514000
11/7/1981,514000
11/14/1981,517000
11/21/1981,464000
11/28/1981,552000
12/5/1981,558000
12/12/1981,551000
12/19/1981,539000
12/26/1981,556000
1/2/1982,495000
1/9/1982,545000
1/16/1982,489000
1/23/1982,564000
1/30/1982,583000
2/6/1982,556000
2/13/1982,507000
2/20/1982,544000
2/27/1982,528000
3/6/1982,556000
3/13/1982,539000
3/20/1982,557000
3/27/1982,574000
4/3/1982,578000
4/10/1982,585000
4/17/1982,597000
4/24/1982,588000
5/1/1982,576000
5/8/1982,584000
5/15/1982,585000
5/22/1982,586000
5/29/1982,588000
6/5/1982,611000
6/12/1982,614000
6/19/1982,591000
6/26/1982,582000
7/3/1982,600000
7/10/1982,572000
7/17/1982,567000
7/24/1982,536000
7/31/1982,605000
8/7/1982,606000
8/14/1982,637000
8/21/1982,628000
8/28/1982,647000
9/4/1982,651000
9/11/1982,641000
9/18/1982,680000
9/25/1982,671000
10/2/1982,695000
10/9/1982,651000
10/16/1982,656000
10/23/1982,623000
10/30/1982,637000
11/6/1982,589000
11/13/1982,599000
11/20/1982,577000
11/27/1982,612000
12/4/1982,557000
12/11/1982,533000
12/18/1982,516000
12/25/1982,489000
1/1/1983,534000
1/8/1983,510000
1/15/1983,479000
1/22/1983,479000
1/29/1983,503000
2/5/1983,501000
2/12/1983,486000
2/19/1983,487000
2/26/1983,481000
3/5/1983,495000
3/12/1983,475000
3/19/1983,470000
3/26/1983,481000
4/2/1983,491000
4/9/1983,496000
4/16/1983,515000
4/23/1983,488000
4/30/1983,490000
5/7/1983,494000
5/14/1983,464000
5/21/1983,460000
5/28/1983,454000
6/4/1983,459000
6/11/1983,442000
6/18/1983,434000
6/25/1983,442000
7/2/1983,422000
7/9/1983,412000
7/16/1983,396000
7/23/1983,395000
7/30/1983,415000
8/6/1983,415000
8/13/1983,457000
8/20/1983,445000
8/27/1983,426000
9/3/1983,411000
9/10/1983,403000
9/17/1983,405000
9/24/1983,416000
10/1/1983,413000
10/8/1983,406000
10/15/1983,394000
10/22/1983,394000
10/29/1983,404000
11/5/1983,395000
11/12/1983,390000
11/19/1983,387000
11/26/1983,398000
12/3/1983,365000
12/10/1983,368000
12/17/1983,362000
12/24/1983,377000
12/31/1983,372000
1/7/1984,356000
1/14/1984,351000
1/21/1984,333000
1/28/1984,364000
2/4/1984,342000
2/11/1984,338000
2/18/1984,334000
2/25/1984,343000
3/3/1984,347000
3/10/1984,346000
3/17/1984,349000
3/24/1984,346000
3/31/1984,341000
4/7/1984,381000
4/14/1984,357000
4/21/1984,364000
4/28/1984,375000
5/5/1984,365000
5/12/1984,368000
5/19/1984,354000
5/26/1984,354000
6/2/1984,355000
6/9/1984,369000
6/16/1984,361000
6/23/1984,362000
6/30/1984,360000
7/7/1984,366000
7/14/1984,360000
7/21/1984,357000
7/28/1984,359000
8/4/1984,382000
8/11/1984,380000
8/18/1984,401000
8/25/1984,395000
9/1/1984,385000
9/8/1984,402000
9/15/1984,393000
9/22/1984,395000
9/29/1984,402000
10/6/1984,403000
10/13/1984,410000
10/20/1984,439000
10/27/1984,425000
11/3/1984,423000
11/10/1984,393000
11/17/1984,383000
11/24/1984,429000
12/1/1984,401000
12/8/1984,383000
12/15/1984,386000
12/22/1984,379000
12/29/1984,379000
1/5/1985,369000
1/12/1985,387000
1/19/1985,359000
1/26/1985,368000
2/2/1985,386000
2/9/1985,401000
2/16/1985,390000
2/23/1985,390000
3/2/1985,374000
3/9/1985,385000
3/16/1985,386000
3/23/1985,373000
3/30/1985,386000
4/6/1985,405000
4/13/1985,411000
4/20/1985,391000
4/27/1985,386000
5/4/1985,390000
5/11/1985,394000
5/18/1985,391000
5/25/1985,396000
6/1/1985,393000
6/8/1985,403000
6/15/1985,390000
6/22/1985,386000
6/29/1985,390000
7/6/1985,395000
7/13/1985,386000
7/20/1985,370000
7/27/1985,362000
8/3/1985,407000
8/10/1985,402000
8/17/1985,399000
8/24/1985,405000
8/31/1985,409000
9/7/1985,426000
9/14/1985,408000
9/21/1985,401000
9/28/1985,399000
10/5/1985,405000
10/12/1985,400000
10/19/1985,400000
10/26/1985,418000
11/2/1985,398000
11/9/1985,397000
11/16/1985,397000
11/23/1985,382000
11/30/1985,393000
12/7/1985,399000
12/14/1985,382000
12/21/1985,370000
12/28/1985,390000
1/4/1986,362000
1/11/1986,397000
1/18/1986,364000
1/25/1986,344000
2/1/1986,364000
2/8/1986,366000
2/15/1986,358000
2/22/1986,390000
3/1/1986,375000
3/8/1986,366000
3/15/1986,382000
3/22/1986,387000
3/29/1986,396000
4/5/1986,381000
4/12/1986,388000
4/19/1986,383000
4/26/1986,391000
5/3/1986,392000
5/10/1986,395000
5/17/1986,384000
5/24/1986,386000
5/31/1986,373000
6/7/1986,375000
6/14/1986,369000
6/21/1986,367000
6/28/1986,371000
7/5/1986,371000
7/12/1986,361000
7/19/1986,354000
7/26/1986,362000
8/2/1986,416000
8/9/1986,416000
8/16/1986,407000
8/23/1986,397000
8/30/1986,401000
9/6/1986,400000
9/13/1986,394000
9/20/1986,399000
9/27/1986,389000
10/4/1986,391000
10/11/1986,387000
10/18/1986,385000
10/25/1986,370000
11/1/1986,364000
11/8/1986,349000
11/15/1986,368000
11/22/1986,369000
11/29/1986,366000
12/6/1986,363000
12/13/1986,375000
12/20/1986,350000
12/27/1986,345000
1/3/1987,323000
1/10/1987,348000
1/17/1987,341000
1/24/1987,346000
1/31/1987,370000
2/7/1987,368000
2/14/1987,338000
2/21/1987,341000
2/28/1987,348000
3/7/1987,337000
3/14/1987,335000
3/21/1987,335000
3/28/1987,326000
4/4/1987,330000
4/11/1987,338000
4/18/1987,349000
4/25/1987,328000
5/2/1987,330000
5/9/1987,315000
5/16/1987,341000
5/23/1987,343000
5/30/1987,326000
6/6/1987,328000
6/13/1987,316000
6/20/1987,319000
6/27/1987,326000
7/4/1987,326000
7/11/1987,317000
7/18/1987,310000
7/25/1987,324000
8/1/1987,348000
8/8/1987,327000
8/15/1987,319000
8/22/1987,312000
8/29/1987,322000
9/5/1987,316000
9/12/1987,297000
9/19/1987,309000
9/26/1987,317000
10/3/1987,301000
10/10/1987,308000
10/17/1987,301000
10/24/1987,301000
10/31/1987,289000
11/7/1987,297000
11/14/1987,307000
11/21/1987,317000
11/28/1987,306000
12/5/1987,319000
12/12/1987,317000
12/19/1987,323000
12/26/1987,316000
1/2/1988,315000
1/9/1988,325000
1/16/1988,361000
1/23/1988,335000
1/30/1988,342000
2/6/1988,318000
2/13/1988,311000
2/20/1988,327000
2/27/1988,319000
3/5/1988,307000
3/12/1988,304000
3/19/1988,307000
3/26/1988,304000
4/2/1988,309000
4/9/1988,313000
4/16/1988,314000
4/23/1988,312000
4/30/1988,313000
5/7/1988,309000
5/14/1988,314000
5/21/1988,319000
5/28/1988,313000
6/4/1988,310000
6/11/1988,305000
6/18/1988,311000
6/25/1988,307000
7/2/1988,305000
7/9/1988,303000
7/16/1988,315000
7/23/1988,354000
7/30/1988,331000
8/6/1988,316000
8/13/1988,312000
8/20/1988,316000
8/27/1988,315000
9/3/1988,306000
9/10/1988,305000
9/17/1988,306000
9/24/1988,301000
10/1/1988,292000
10/8/1988,292000
10/15/1988,293000
10/22/1988,286000
10/29/1988,294000
11/5/1988,285000
11/12/1988,284000
11/19/1988,294000
11/26/1988,299000
12/3/1988,298000
12/10/1988,285000
12/17/1988,293000
12/24/1988,286000
12/31/1988,304000
1/7/1989,299000
1/14/1989,283000
1/21/1989,282000
1/28/1989,295000
2/4/1989,288000
2/11/1989,322000
2/18/1989,305000
2/25/1989,300000
3/4/1989,325000
3/11/1989,325000
3/18/1989,319000
3/25/1989,319000
4/1/1989,323000
4/8/1989,314000
4/15/1989,307000
4/22/1989,304000
4/29/1989,311000
5/6/1989,320000
5/13/1989,332000
5/20/1989,321000
5/27/1989,325000
6/3/1989,325000
6/10/1989,332000
6/17/1989,337000
6/24/1989,338000
7/1/1989,349000
7/8/1989,341000
7/15/1989,349000
7/22/1989,332000
7/29/1989,337000
8/5/1989,338000
8/12/1989,341000
8/19/1989,327000
8/26/1989,332000
9/2/1989,329000
9/9/1989,336000
9/16/1989,334000
9/23/1989,334000
9/30/1989,347000
10/7/1989,407000
10/14/1989,345000
10/21/1989,347000
10/28/1989,354000
11/4/1989,333000
11/11/1989,336000
11/18/1989,336000
11/25/1989,342000
12/2/1989,344000
12/9/1989,338000
12/16/1989,355000
12/23/1989,381000
12/30/1989,358000
1/6/1990,355000
1/13/1990,369000
1/20/1990,375000
1/27/1990,345000
2/3/1990,368000
2/10/1990,367000
2/17/1990,348000
2/24/1990,350000
3/3/1990,351000
3/10/1990,349000
3/17/1990,349000
3/24/1990,331000
3/31/1990,346000
4/7/1990,367000
4/14/1990,357000
4/21/1990,360000
4/28/1990,363000
5/5/1990,354000
5/12/1990,355000
5/19/1990,353000
5/26/1990,359000
6/2/1990,368000
6/9/1990,359000
6/16/1990,359000
6/23/1990,362000
6/30/1990,364000
7/7/1990,362000
7/14/1990,367000
7/21/1990,370000
7/28/1990,369000
8/4/1990,369000
8/11/1990,381000
8/18/1990,393000
8/25/1990,394000
9/1/1990,392000
9/8/1990,390000
9/15/1990,395000
9/22/1990,389000
9/29/1990,404000
10/6/1990,404000
10/13/1990,422000
10/20/1990,435000
10/27/1990,440000
11/3/1990,430000
11/10/1990,448000
11/17/1990,447000
11/24/1990,462000
12/1/1990,451000
12/8/1990,449000
12/15/1990,447000
12/22/1990,474000
12/29/1990,454000
1/5/1991,415000
1/12/1991,437000
1/19/1991,445000
1/26/1991,462000
2/2/1991,483000
2/9/1991,480000
2/16/1991,474000
2/23/1991,499000
3/2/1991,488000
3/9/1991,499000
3/16/1991,498000
3/23/1991,509000
3/30/1991,499000
4/6/1991,452000
4/13/1991,477000
4/20/1991,478000
4/27/1991,462000
5/4/1991,451000
5/11/1991,446000
5/18/1991,448000
5/25/1991,443000
6/1/1991,432000
6/8/1991,441000
6/15/1991,429000
6/22/1991,423000
6/29/1991,418000
7/6/1991,422000
7/13/1991,420000
7/20/1991,408000
7/27/1991,423000
8/3/1991,438000
8/10/1991,437000
8/17/1991,433000
8/24/1991,425000
8/31/1991,425000
9/7/1991,424000
9/14/1991,418000
9/21/1991,419000
9/28/1991,437000
10/5/1991,424000
10/12/1991,425000
10/19/1991,419000
10/26/1991,423000
11/2/1991,447000
11/9/1991,453000
11/16/1991,439000
11/23/1991,444000
11/30/1991,444000
12/7/1991,475000
12/14/1991,475000
12/21/1991,436000
12/28/1991,441000
1/4/1992,432000
1/11/1992,440000
1/18/1992,443000
1/25/1992,441000
2/1/1992,440000
2/8/1992,445000
2/15/1992,446000
2/22/1992,436000
2/29/1992,444000
3/7/1992,421000
3/14/1992,437000
3/21/1992,440000
3/28/1992,420000
4/4/1992,412000
4/11/1992,413000
4/18/1992,424000
4/25/1992,424000
5/2/1992,431000
5/9/1992,417000
5/16/1992,414000
5/23/1992,414000
5/30/1992,411000
6/6/1992,416000
6/13/1992,420000
6/20/1992,419000
6/27/1992,420000
7/4/1992,407000
7/11/1992,408000
7/18/1992,392000
7/25/1992,564000
8/1/1992,423000
8/8/1992,406000
8/15/1992,401000
8/22/1992,398000
8/29/1992,408000
9/5/1992,416000
9/12/1992,416000
9/19/1992,427000
9/26/1992,409000
10/3/1992,398000
10/10/1992,374000
10/17/1992,385000
10/24/1992,367000
10/31/1992,365000
11/7/1992,374000
11/14/1992,377000
11/21/1992,357000
11/28/1992,341000
12/5/1992,350000
12/12/1992,359000
12/19/1992,334000
12/26/1992,313000
1/2/1993,341000
1/9/1993,354000
1/16/1993,352000
1/23/1993,341000
1/30/1993,340000
2/6/1993,319000
2/13/1993,321000
2/20/1993,351000
2/27/1993,362000
3/6/1993,354000
3/13/1993,346000
3/20/1993,338000
3/27/1993,366000
4/3/1993,365000
4/10/1993,353000
4/17/1993,351000
4/24/1993,350000
5/1/1993,343000
5/8/1993,339000
5/15/1993,345000
5/22/1993,342000
5/29/1993,349000
6/5/1993,343000
6/12/1993,343000
6/19/1993,345000
6/26/1993,340000
7/3/1993,334000
7/10/1993,314000
7/17/1993,335000
7/24/1993,415000
7/31/1993,356000
8/7/1993,346000
8/14/1993,339000
8/21/1993,342000
8/28/1993,337000
9/4/1993,334000
9/11/1993,333000
9/18/1993,346000
9/25/1993,343000
10/2/1993,333000
10/9/1993,355000
10/16/1993,359000
10/23/1993,354000
10/30/1993,348000
11/6/1993,350000
11/13/1993,341000
11/20/1993,336000
11/27/1993,337000
12/4/1993,337000
12/11/1993,334000
12/18/1993,331000
12/25/1993,290000
1/1/1994,341000
1/8/1994,343000
1/15/1994,355000
1/22/1994,351000
1/29/1994,406000
2/5/1994,361000
2/12/1994,354000
2/19/1994,352000
2/26/1994,327000
3/5/1994,348000
3/12/1994,341000
3/19/1994,332000
3/26/1994,322000
4/2/1994,342000
4/9/1994,349000
4/16/1994,354000
4/23/1994,331000
4/30/1994,344000
5/7/1994,371000
5/14/1994,360000
5/21/1994,357000
5/28/1994,348000
6/4/1994,345000
6/11/1994,338000
6/18/1994,336000
6/25/1994,341000
7/2/1994,334000
7/9/1994,341000
7/16/1994,359000
7/23/1994,345000
7/30/1994,332000
8/6/1994,338000
8/13/1994,335000
8/20/1994,331000
8/27/1994,341000
9/3/1994,339000
9/10/1994,331000
9/17/1994,326000
9/24/1994,325000
10/1/1994,330000
10/8/1994,341000
10/15/1994,335000
10/22/1994,330000
10/29/1994,331000
11/5/1994,328000
11/12/1994,329000
11/19/1994,326000
11/26/1994,329000
12/3/1994,324000
12/10/1994,329000
12/17/1994,330000
12/24/1994,314000
12/31/1994,319000
1/7/1995,338000
1/14/1995,347000
1/21/1995,325000
1/28/1995,324000
2/4/1995,324000
2/11/1995,348000
2/18/1995,343000
2/25/1995,336000
3/4/1995,339000
3/11/1995,347000
3/18/1995,343000
3/25/1995,332000
4/1/1995,335000
4/8/1995,347000
4/15/1995,355000
4/22/1995,349000
4/29/1995,365000
5/6/1995,364000
5/13/1995,366000
5/20/1995,377000
5/27/1995,374000
6/3/1995,362000
6/10/1995,367000
6/17/1995,378000
6/24/1995,358000
7/1/1995,355000
7/8/1995,372000
7/15/1995,389000
7/22/1995,390000
7/29/1995,351000
8/5/1995,351000
8/12/1995,353000
8/19/1995,362000
8/26/1995,359000
9/2/1995,355000
9/9/1995,371000
9/16/1995,376000
9/23/1995,353000
9/30/1995,355000
10/7/1995,374000
10/14/1995,369000
10/21/1995,366000
10/28/1995,377000
11/4/1995,380000
11/11/1995,370000
11/18/1995,379000
11/25/1995,379000
12/2/1995,373000
12/9/1995,346000
12/16/1995,373000
12/23/1995,374000
12/30/1995,359000
1/6/1996,361000
1/13/1996,333000
1/20/1996,415000
1/27/1996,387000
2/3/1996,374000
2/10/1996,387000
2/17/1996,383000
2/24/1996,365000
3/2/1996,368000
3/9/1996,361000
3/16/1996,384000
3/23/1996,426000
3/30/1996,393000
4/6/1996,369000
4/13/1996,357000
4/20/1996,368000
4/27/1996,343000
5/4/1996,338000
5/11/1996,352000
5/18/1996,345000
5/25/1996,343000
6/1/1996,340000
6/8/1996,351000
6/15/1996,342000
6/22/1996,341000
6/29/1996,337000
7/6/1996,342000
7/13/1996,347000
7/20/1996,332000
7/27/1996,327000
8/3/1996,326000
8/10/1996,331000
8/17/1996,336000
8/24/1996,337000
8/31/1996,329000
9/7/1996,333000
9/14/1996,338000
9/21/1996,352000
9/28/1996,348000
10/5/1996,335000
10/12/1996,334000
10/19/1996,335000
10/26/1996,352000
11/2/1996,334000
11/9/1996,327000
11/16/1996,342000
11/23/1996,347000
11/30/1996,332000
12/7/1996,355000
12/14/1996,352000
12/21/1996,350000
12/28/1996,357000
1/4/1997,347000
1/11/1997,324000
1/18/1997,345000
1/25/1997,340000
2/1/1997,333000
2/8/1997,315000
2/15/1997,313000
2/22/1997,322000
3/1/1997,321000
3/8/1997,317000
3/15/1997,319000
3/22/1997,315000
3/29/1997,325000
4/5/1997,325000
4/12/1997,330000
4/19/1997,316000
4/26/1997,337000
5/3/1997,342000
5/10/1997,318000
5/17/1997,322000
5/24/1997,316000
5/31/1997,321000
6/7/1997,329000
6/14/1997,335000
6/21/1997,316000
6/28/1997,322000
7/5/1997,346000
7/12/1997,328000
7/19/1997,301000
7/26/1997,306000
8/2/1997,320000
8/9/1997,329000
8/16/1997,343000
8/23/1997,327000
8/30/1997,332000
9/6/1997,313000
9/13/1997,314000
9/20/1997,317000
9/27/1997,317000
10/4/1997,311000
10/11/1997,305000
10/18/1997,318000
10/25/1997,306000
11/1/1997,313000
11/8/1997,308000
11/15/1997,325000
11/22/1997,309000
11/29/1997,318000
12/6/1997,317000
12/13/1997,323000
12/20/1997,310000
12/27/1997,303000
1/3/1998,312000
1/10/1998,331000
1/17/1998,341000
1/24/1998,307000
1/31/1998,315000
2/7/1998,311000
2/14/1998,321000
2/21/1998,327000
2/28/1998,317000
3/7/1998,308000
3/14/1998,319000
3/21/1998,321000
3/28/1998,312000
4/4/1998,312000
4/11/1998,304000
4/18/1998,317000
4/25/1998,311000
5/2/1998,304000
5/9/1998,306000
5/16/1998,315000
5/23/1998,309000
5/30/1998,322000
6/6/1998,306000
6/13/1998,321000
6/20/1998,349000
6/27/1998,376000
7/4/1998,362000
7/11/1998,320000
7/18/1998,315000
7/25/1998,335000
8/1/1998,327000
8/8/1998,316000
8/15/1998,308000
8/22/1998,302000
8/29/1998,310000
9/5/1998,313000
9/12/1998,304000
9/19/1998,305000
9/26/1998,294000
10/3/1998,302000
10/10/1998,316000
10/17/1998,318000
10/24/1998,309000
10/31/1998,308000
11/7/1998,316000
11/14/1998,334000
11/21/1998,304000
11/28/1998,310000
12/5/1998,326000
12/12/1998,305000
12/19/1998,297000
12/26/1998,336000
1/2/1999,331000
1/9/1999,345000
1/16/1999,339000
1/23/1999,311000
1/30/1999,305000
2/6/1999,291000
2/13/1999,312000
2/20/1999,302000
2/27/1999,301000
3/6/1999,300000
3/13/1999,308000
3/20/1999,305000
3/27/1999,298000
4/3/1999,310000
4/10/1999,319000
4/17/1999,314000
4/24/1999,291000
5/1/1999,296000
5/8/1999,310000
5/15/1999,301000
5/22/1999,298000
5/29/1999,303000
6/5/1999,303000
6/12/1999,290000
6/19/1999,292000
6/26/1999,291000
7/3/1999,287000
7/10/1999,288000
7/17/1999,309000
7/24/1999,306000
7/31/1999,300000
8/7/1999,295000
8/14/1999,292000
8/21/1999,286000
8/28/1999,290000
9/4/1999,290000
9/11/1999,281000
9/18/1999,281000
9/25/1999,306000
10/2/1999,309000
10/9/1999,291000
10/16/1999,287000
10/23/1999,280000
10/30/1999,285000
11/6/1999,282000
11/13/1999,281000
11/20/1999,276000
11/27/1999,288000
12/4/1999,287000
12/11/1999,272000
12/18/1999,287000
12/25/1999,268000
1/1/2000,286000
1/8/2000,298000
1/15/2000,289000
1/22/2000,284000
1/29/2000,285000
2/5/2000,312000
2/12/2000,300000
2/19/2000,283000
2/26/2000,280000
3/4/2000,286000
3/11/2000,270000
3/18/2000,271000
3/25/2000,272000
4/1/2000,266000
4/8/2000,268000
4/15/2000,259000
4/22/2000,274000
4/29/2000,291000
5/6/2000,293000
5/13/2000,276000
5/20/2000,280000
5/27/2000,280000
6/3/2000,290000
6/10/2000,284000
6/17/2000,294000
6/24/2000,296000
7/1/2000,281000
7/8/2000,293000
7/15/2000,303000
7/22/2000,300000
7/29/2000,298000
8/5/2000,306000
8/12/2000,315000
8/19/2000,318000
8/26/2000,312000
9/2/2000,301000
9/9/2000,309000
9/16/2000,311000
9/23/2000,288000
9/30/2000,292000
10/7/2000,309000
10/14/2000,299000
10/21/2000,295000
10/28/2000,301000
11/4/2000,331000
11/11/2000,318000
11/18/2000,332000
11/25/2000,356000
12/2/2000,338000
12/9/2000,321000
12/16/2000,354000
12/23/2000,364000
12/30/2000,353000
1/6/2001,337000
1/13/2001,318000
1/20/2001,343000
1/27/2001,362000
2/3/2001,376000
2/10/2001,365000
2/17/2001,358000
2/24/2001,386000
3/3/2001,384000
3/10/2001,393000
3/17/2001,393000
3/24/2001,378000
3/31/2001,388000
4/7/2001,398000
4/14/2001,383000
4/21/2001,400000
4/28/2001,406000
5/5/2001,381000
5/12/2001,390000
5/19/2001,402000
5/26/2001,405000
6/2/2001,406000
6/9/2001,411000
6/16/2001,394000
6/23/2001,381000
6/30/2001,394000
7/7/2001,401000
7/14/2001,405000
7/21/2001,398000
7/28/2001,388000
8/4/2001,401000
8/11/2001,394000
8/18/2001,402000
8/25/2001,395000
9/1/2001,402000
9/8/2001,408000
9/15/2001,395000
9/22/2001,453000
9/29/2001,517000
10/6/2001,476000
10/13/2001,482000
10/20/2001,482000
10/27/2001,483000
11/3/2001,440000
11/10/2001,428000
11/17/2001,431000
11/24/2001,491000
12/1/2001,465000
12/8/2001,393000
12/15/2001,389000
12/22/2001,416000
12/29/2001,421000
1/5/2002,397000
1/12/2002,418000
1/19/2002,405000
1/26/2002,414000
2/2/2002,404000
2/9/2002,397000
2/16/2002,397000
2/23/2002,398000
3/2/2002,392000
3/9/2002,399000
3/16/2002,392000
3/23/2002,415000
3/30/2002,479000
4/6/2002,445000
4/13/2002,442000
4/20/2002,416000
4/27/2002,414000
5/4/2002,409000
5/11/2002,413000
5/18/2002,411000
5/25/2002,403000
6/1/2002,378000
6/8/2002,388000
6/15/2002,396000
6/22/2002,388000
6/29/2002,386000
7/6/2002,391000
7/13/2002,384000
7/20/2002,379000
7/27/2002,390000
8/3/2002,388000
8/10/2002,389000
8/17/2002,399000
8/24/2002,398000
8/31/2002,394000
9/7/2002,416000
9/14/2002,412000
9/21/2002,401000
9/28/2002,409000
10/5/2002,404000
10/12/2002,405000
10/19/2002,412000
10/26/2002,409000
11/2/2002,405000
11/9/2002,400000
11/16/2002,389000
11/23/2002,390000
11/30/2002,377000
12/7/2002,425000
12/14/2002,429000
12/21/2002,394000
12/28/2002,409000
1/4/2003,393000
1/11/2003,378000
1/18/2003,402000
1/25/2003,407000
2/1/2003,413000
2/8/2003,390000
2/15/2003,420000
2/22/2003,421000
3/1/2003,436000
3/8/2003,424000
3/15/2003,430000
3/22/2003,411000
3/29/2003,436000
4/5/2003,417000
4/12/2003,434000
4/19/2003,450000
4/26/2003,444000
5/3/2003,428000
5/10/2003,417000
5/17/2003,425000
5/24/2003,419000
5/31/2003,431000
6/7/2003,429000
6/14/2003,421000
6/21/2003,408000
6/28/2003,429000
7/5/2003,433000
7/12/2003,412000
7/19/2003,403000
7/26/2003,398000
8/2/2003,401000
8/9/2003,404000
8/16/2003,398000
8/23/2003,391000
8/30/2003,407000
9/6/2003,422000
9/13/2003,394000
9/20/2003,379000
9/27/2003,387000
10/4/2003,386000
10/11/2003,376000
10/18/2003,387000
10/25/2003,379000
11/1/2003,363000
11/8/2003,371000
11/15/2003,370000
11/22/2003,354000
11/29/2003,357000
12/6/2003,367000
12/13/2003,363000
12/20/2003,354000
12/27/2003,349000
1/3/2004,356000
1/10/2004,354000
1/17/2004,362000
1/24/2004,353000
1/31/2004,376000
2/7/2004,380000
2/14/2004,356000
2/21/2004,359000
2/28/2004,348000
3/6/2004,344000
3/13/2004,338000
3/20/2004,346000
3/27/2004,340000
4/3/2004,335000
4/10/2004,355000
4/17/2004,364000
4/24/2004,339000
5/1/2004,324000
5/8/2004,329000
5/15/2004,349000
5/22/2004,342000
5/29/2004,337000
6/5/2004,355000
6/12/2004,339000
6/19/2004,354000
6/26/2004,348000
7/3/2004,326000
7/10/2004,345000
7/17/2004,355000
7/24/2004,348000
7/31/2004,341000
8/7/2004,336000
8/14/2004,332000
8/21/2004,343000
8/28/2004,352000
9/4/2004,326000
9/11/2004,331000
9/18/2004,341000
9/25/2004,351000
10/2/2004,335000
10/9/2004,338000
10/16/2004,327000
10/23/2004,338000
10/30/2004,332000
11/6/2004,330000
11/13/2004,337000
11/20/2004,313000
11/27/2004,335000
12/4/2004,343000
12/11/2004,316000
12/18/2004,322000
12/25/2004,320000
1/1/2005,356000
1/8/2005,369000
1/15/2005,332000
1/22/2005,329000
1/29/2005,331000
2/5/2005,307000
2/12/2005,308000
2/19/2005,318000
2/26/2005,314000
3/5/2005,333000
3/12/2005,324000
3/19/2005,329000
3/26/2005,342000
4/2/2005,335000
4/9/2005,323000
4/16/2005,307000
4/23/2005,317000
4/30/2005,334000
5/7/2005,327000
5/14/2005,321000
5/21/2005,320000
5/28/2005,340000
6/4/2005,338000
6/11/2005,333000
6/18/2005,321000
6/25/2005,311000
7/2/2005,327000
7/9/2005,338000
7/16/2005,323000
7/23/2005,318000
7/30/2005,316000
8/6/2005,311000
8/13/2005,319000
8/20/2005,315000
8/27/2005,318000
9/3/2005,326000
9/10/2005,422000
9/17/2005,424000
9/24/2005,359000
10/1/2005,384000
10/8/2005,383000
10/15/2005,348000
10/22/2005,324000
10/29/2005,322000
11/5/2005,325000
11/12/2005,309000
11/19/2005,324000
11/26/2005,311000
12/3/2005,321000
12/10/2005,327000
12/17/2005,312000
12/24/2005,320000
12/31/2005,302000
1/7/2006,326000
1/14/2006,285000
1/21/2006,290000
1/28/2006,282000
2/4/2006,289000
2/11/2006,298000
2/18/2006,283000
2/25/2006,293000
3/4/2006,302000
3/11/2006,307000
3/18/2006,303000
3/25/2006,295000
4/1/2006,291000
4/8/2006,299000
4/15/2006,299000
4/22/2006,308000
4/29/2006,321000
5/6/2006,347000
5/13/2006,335000
5/20/2006,319000
5/27/2006,330000
6/3/2006,307000
6/10/2006,298000
6/17/2006,308000
6/24/2006,309000
7/1/2006,316000
7/8/2006,343000
7/15/2006,318000
7/22/2006,306000
7/29/2006,311000
8/5/2006,318000
8/12/2006,310000
8/19/2006,315000
8/26/2006,314000
9/2/2006,315000
9/9/2006,314000
9/16/2006,324000
9/23/2006,319000
9/30/2006,309000
10/7/2006,316000
10/14/2006,305000
10/21/2006,313000
10/28/2006,328000
11/4/2006,319000
11/11/2006,311000
11/18/2006,326000
11/25/2006,349000
12/2/2006,327000
12/9/2006,311000
12/16/2006,318000
12/23/2006,323000
12/30/2006,341000
1/6/2007,330000
1/13/2007,296000
1/20/2007,335000
1/27/2007,308000
2/3/2007,310000
2/10/2007,338000
2/17/2007,321000
2/24/2007,322000
3/3/2007,320000
3/10/2007,308000
3/17/2007,309000
3/24/2007,303000
3/31/2007,307000
4/7/2007,332000
4/14/2007,327000
4/21/2007,321000
4/28/2007,301000
5/5/2007,300000
5/12/2007,297000
5/19/2007,310000
5/26/2007,310000
6/2/2007,313000
6/9/2007,313000
6/16/2007,320000
6/23/2007,313000
6/30/2007,317000
7/7/2007,321000
7/14/2007,317000
7/21/2007,310000
7/28/2007,305000
8/4/2007,314000
8/11/2007,316000
8/18/2007,321000
8/25/2007,329000
9/1/2007,314000
9/8/2007,321000
9/15/2007,313000
9/22/2007,302000
9/29/2007,317000
10/6/2007,316000
10/13/2007,335000
10/20/2007,334000
10/27/2007,328000
11/3/2007,327000
11/10/2007,333000
11/17/2007,332000
11/24/2007,352000
12/1/2007,344000
12/8/2007,332000
12/15/2007,350000
12/22/2007,355000
12/29/2007,360000
1/5/2008,346000
1/12/2008,322000
1/19/2008,321000
1/26/2008,366000
2/2/2008,350000
2/9/2008,344000
2/16/2008,339000
2/23/2008,354000
3/1/2008,345000
3/8/2008,348000
3/15/2008,369000
3/22/2008,368000
3/29/2008,387000
4/5/2008,354000
4/12/2008,365000
4/19/2008,349000
4/26/2008,370000
5/3/2008,370000
5/10/2008,366000
5/17/2008,367000
5/24/2008,369000
5/31/2008,362000
6/7/2008,382000
6/14/2008,378000
6/21/2008,381000
6/28/2008,392000
7/5/2008,371000
7/12/2008,385000
7/19/2008,402000
7/26/2008,434000
8/2/2008,448000
8/9/2008,430000
8/16/2008,424000
8/23/2008,421000
8/30/2008,442000
9/6/2008,441000
9/13/2008,449000
9/20/2008,483000
9/27/2008,483000
10/4/2008,482000
10/11/2008,461000
10/18/2008,478000
10/25/2008,480000
11/1/2008,490000
11/8/2008,512000
11/15/2008,536000
11/22/2008,532000
11/29/2008,529000
12/6/2008,570000
12/13/2008,566000
12/20/2008,587000
12/27/2008,533000
1/3/2009,503000
1/10/2009,551000
1/17/2009,591000
1/24/2009,586000
1/31/2009,629000
2/7/2009,637000
2/14/2009,632000
2/21/2009,655000
2/28/2009,652000
3/7/2009,660000
3/14/2009,651000
3/21/2009,661000
3/28/2009,665000
4/4/2009,653000
4/11/2009,599000
4/18/2009,639000
4/25/2009,620000
5/2/2009,602000
5/9/2009,625000
5/16/2009,620000
5/23/2009,606000
5/30/2009,607000
6/6/2009,596000
6/13/2009,595000
6/20/2009,608000
6/27/2009,594000
7/4/2009,573000
7/11/2009,546000
7/18/2009,560000
7/25/2009,587000
8/1/2009,555000
8/8/2009,555000
8/15/2009,562000
8/22/2009,560000
8/29/2009,564000
9/5/2009,558000
9/12/2009,542000
9/19/2009,536000
9/26/2009,554000
10/3/2009,533000
10/10/2009,511000
10/17/2009,531000
10/24/2009,530000
10/31/2009,522000
11/7/2009,512000
11/14/2009,507000
11/21/2009,482000
11/28/2009,475000
12/5/2009,497000
12/12/2009,498000
12/19/2009,479000
12/26/2009,468000
1/2/2010,456000
1/9/2010,469000
1/16/2010,507000
1/23/2010,471000
1/30/2010,496000
2/6/2010,466000
2/13/2010,489000
2/20/2010,500000
2/27/2010,488000
3/6/2010,472000
3/13/2010,478000
3/20/2010,472000
3/27/2010,459000
4/3/2010,479000
4/10/2010,479000
4/17/2010,469000
4/24/2010,449000
5/1/2010,451000
5/8/2010,451000
5/15/2010,474000
5/22/2010,463000
5/29/2010,458000
6/5/2010,459000
6/12/2010,467000
6/19/2010,452000
6/26/2010,464000
7/3/2010,454000
7/10/2010,439000
7/17/2010,462000
7/24/2010,465000
7/31/2010,476000
8/7/2010,483000
8/14/2010,486000
8/21/2010,464000
8/28/2010,467000
9/4/2010,452000
9/11/2010,444000
9/18/2010,459000
9/25/2010,459000
10/2/2010,446000
10/9/2010,459000
10/16/2010,444000
10/23/2010,432000
10/30/2010,453000
11/6/2010,434000
11/13/2010,432000
11/20/2010,407000
11/27/2010,432000
12/4/2010,428000
12/11/2010,425000
12/18/2010,424000
12/25/2010,404000
1/1/2011,413000
1/8/2011,434000
1/15/2011,421000
1/22/2011,446000
1/29/2011,420000
2/5/2011,402000
2/12/2011,425000
2/19/2011,394000
2/26/2011,385000
3/5/2011,414000
3/12/2011,404000
3/19/2011,407000
3/26/2011,399000
4/2/2011,395000
4/9/2011,416000
4/16/2011,402000
4/23/2011,422000
4/30/2011,468000
5/7/2011,435000
5/14/2011,414000
5/21/2011,423000
5/28/2011,418000
6/4/2011,423000
6/11/2011,413000
6/18/2011,416000
6/25/2011,421000
7/2/2011,418000
7/9/2011,408000
7/16/2011,420000
7/23/2011,411000
7/30/2011,406000
8/6/2011,405000
8/13/2011,409000
8/20/2011,415000
8/27/2011,409000
9/3/2011,414000
9/10/2011,429000
9/17/2011,422000
9/24/2011,406000
10/1/2011,405000
10/8/2011,410000
10/15/2011,395000
10/22/2011,403000
10/29/2011,399000
11/5/2011,392000
11/12/2011,383000
11/19/2011,385000
11/26/2011,397000
12/3/2011,387000
12/10/2011,368000
12/17/2011,368000
12/24/2011,386000
12/31/2011,376000
1/7/2012,391000
1/14/2012,367000
1/21/2012,381000
1/28/2012,372000
2/4/2012,368000
2/11/2012,361000
2/18/2012,359000
2/25/2012,365000
3/3/2012,375000
3/10/2012,369000
3/17/2012,368000
3/24/2012,363000
3/31/2012,358000
4/7/2012,387000
4/14/2012,381000
4/21/2012,387000
4/28/2012,372000
5/5/2012,373000
5/12/2012,369000
5/19/2012,371000
5/26/2012,381000
6/2/2012,377000
6/9/2012,383000
6/16/2012,384000
6/23/2012,380000
6/30/2012,372000
7/7/2012,360000
7/14/2012,390000
7/21/2012,368000
7/28/2012,372000
8/4/2012,371000
8/11/2012,369000
8/18/2012,376000
8/25/2012,377000
9/1/2012,371000
9/8/2012,393000
9/15/2012,392000
9/22/2012,377000
9/29/2012,376000
10/6/2012,350000
10/13/2012,386000
10/20/2012,374000
10/27/2012,364000
11/3/2012,365000
11/10/2012,446000
11/17/2012,406000
11/24/2012,388000
12/1/2012,375000
12/8/2012,340000
12/15/2012,356000
12/22/2012,362000
12/29/2012,362000
1/5/2013,363000
1/12/2013,344000
1/19/2013,339000
1/26/2013,366000
2/2/2013,361000
2/9/2013,347000
2/16/2013,362000
2/23/2013,342000
3/2/2013,340000
3/9/2013,343000
3/16/2013,343000
3/23/2013,358000
3/30/2013,375000
4/6/2013,359000
4/13/2013,356000
4/20/2013,343000
4/27/2013,331000
5/4/2013,335000
5/11/2013,360000
5/18/2013,343000
5/25/2013,353000
6/1/2013,346000
6/8/2013,337000
6/15/2013,353000
6/22/2013,347000
6/29/2013,340000
7/6/2013,351000
7/13/2013,344000
7/20/2013,355000
7/27/2013,334000
8/3/2013,339000
8/10/2013,327000
8/17/2013,340000
8/24/2013,336000
8/31/2013,325000
9/7/2013,300000
9/14/2013,323000
9/21/2013,314000
9/28/2013,319000
10/5/2013,368000
10/12/2013,368000
10/19/2013,351000
10/26/2013,347000
11/2/2013,342000
11/9/2013,340000
11/16/2013,331000
11/23/2013,316000
11/30/2013,312000
12/7/2013,354000
12/14/2013,364000
12/21/2013,334000
12/28/2013,332000
1/4/2014,322000
1/11/2014,318000
1/18/2014,327000
1/25/2014,340000
2/1/2014,331000
2/8/2014,337000
2/15/2014,332000
2/22/2014,341000
3/1/2014,319000
3/8/2014,322000
3/15/2014,321000
3/22/2014,313000
3/29/2014,330000
4/5/2014,311000
4/12/2014,308000
4/19/2014,327000
4/26/2014,345000
5/3/2014,325000
5/10/2014,303000
5/17/2014,324000
5/24/2014,305000
5/31/2014,312000
6/7/2014,317000
6/14/2014,314000
6/21/2014,315000
6/28/2014,308000
7/5/2014,302000
7/12/2014,308000
7/19/2014,294000
7/26/2014,303000
8/2/2014,295000
8/9/2014,309000
8/16/2014,303000
8/23/2014,300000
8/30/2014,303000
9/6/2014,307000
9/13/2014,288000
9/20/2014,295000
9/27/2014,290000
10/4/2014,293000
10/11/2014,281000
10/18/2014,290000
10/25/2014,291000
11/1/2014,280000
11/8/2014,291000
11/15/2014,293000
11/22/2014,303000
11/29/2014,291000
12/6/2014,291000
12/13/2014,286000
12/20/2014,276000
12/27/2014,285000
1/3/2015,294000
1/10/2015,304000
1/17/2015,298000
1/24/2015,261000
1/31/2015,281000
2/7/2015,298000
2/14/2015,285000
2/21/2015,305000
2/28/2015,317000
3/7/2015,293000
3/14/2015,290000
3/21/2015,284000
3/28/2015,269000
4/4/2015,282000
4/11/2015,298000
4/18/2015,295000
4/25/2015,269000
5/2/2015,267000
5/9/2015,271000
5/16/2015,276000
5/23/2015,281000
5/30/2015,275000
6/6/2015,278000
6/13/2015,269000
6/20/2015,273000
6/27/2015,275000
7/4/2015,292000
7/11/2015,285000
7/18/2015,265000
7/25/2015,269000
8/1/2015,270000
8/8/2015,274000
8/15/2015,279000
8/22/2015,274000
8/29/2015,279000
9/5/2015,273000
9/12/2015,264000
9/19/2015,269000
9/26/2015,272000
10/3/2015,267000
10/10/2015,265000
10/17/2015,264000
10/24/2015,264000
10/31/2015,275000
11/7/2015,276000
11/14/2015,272000
11/21/2015,261000
11/28/2015,265000
12/5/2015,280000
12/12/2015,268000
12/19/2015,260000
12/26/2015,276000
1/2/2016,273000
1/9/2016,284000
1/16/2016,290000
1/23/2016,269000
1/30/2016,281000
2/6/2016,265000
2/13/2016,263000
2/20/2016,272000
2/27/2016,269000
3/5/2016,257000
3/12/2016,263000
3/19/2016,264000
3/26/2016,273000
4/2/2016,272000
4/9/2016,263000
4/16/2016,255000
4/23/2016,259000
4/30/2016,277000
5/7/2016,290000
5/14/2016,279000
5/21/2016,268000
5/28/2016,264000
6/4/2016,265000
6/11/2016,273000
6/18/2016,261000
6/25/2016,262000
7/2/2016,256000
7/9/2016,257000
7/16/2016,260000
7/23/2016,264000
7/30/2016,266000
8/6/2016,266000
8/13/2016,265000
8/20/2016,265000
8/27/2016,262000
9/3/2016,257000
9/10/2016,253000
9/17/2016,252000
9/24/2016,247000
10/1/2016,246000
10/8/2016,251000
10/15/2016,264000
10/22/2016,257000
10/29/2016,265000
11/5/2016,251000
11/12/2016,232000
11/19/2016,248000
11/26/2016,260000
12/3/2016,252000
12/10/2016,251000
12/17/2016,262000
12/24/2016,254000
12/31/2016,236000
1/7/2017,244000
1/14/2017,246000
1/21/2017,256000
1/28/2017,241000
2/4/2017,236000
2/11/2017,242000
2/18/2017,247000
2/25/2017,232000
3/4/2017,246000
3/11/2017,244000
3/18/2017,255000
3/25/2017,256000
4/1/2017,236000
4/8/2017,237000
4/15/2017,244000
4/22/2017,251000
4/29/2017,241000
5/6/2017,237000
5/13/2017,237000
5/20/2017,234000
5/27/2017,251000
6/3/2017,244000
6/10/2017,238000
6/17/2017,243000
6/24/2017,237000
7/1/2017,248000
7/8/2017,248000
7/15/2017,241000
7/22/2017,245000
7/29/2017,242000
8/5/2017,246000
8/12/2017,236000
8/19/2017,241000
8/26/2017,239000
9/2/2017,299000
9/9/2017,275000
9/16/2017,260000
9/23/2017,262000
9/30/2017,255000
10/7/2017,246000
10/14/2017,232000
10/21/2017,236000
10/28/2017,235000
11/4/2017,240000
11/11/2017,246000
11/18/2017,238000
11/25/2017,237000
12/2/2017,235000
12/9/2017,226000
12/16/2017,242000
12/23/2017,242000
12/30/2017,243000
1/6/2018,251000
1/13/2018,229000
1/20/2018,237000
1/27/2018,221000
2/3/2018,221000
2/10/2018,224000
2/17/2018,220000
2/24/2018,215000
3/3/2018,226000
3/10/2018,223000
3/17/2018,224000
3/24/2018,220000
3/31/2018,237000
4/7/2018,234000
4/14/2018,235000
4/21/2018,207000
4/28/2018,212000
5/5/2018,210000
5/12/2018,224000
5/19/2018,230000
5/26/2018,221000
6/2/2018,221000
6/9/2018,218000
6/16/2018,220000
6/23/2018,220000
6/30/2018,228000
7/7/2018,215000
7/14/2018,212000
7/21/2018,220000
7/28/2018,218000
8/4/2018,218000
8/11/2018,213000
8/18/2018,216000
8/25/2018,214000
9/1/2018,210000
9/8/2018,211000
9/15/2018,213000
9/22/2018,212000
9/29/2018,217000
10/6/2018,213000
10/13/2018,213000
10/20/2018,219000
10/27/2018,217000
11/3/2018,217000
11/10/2018,218000
11/17/2018,222000
11/24/2018,232000
12/1/2018,232000
12/8/2018,203000
12/15/2018,216000
12/22/2018,219000
12/29/2018,228000
1/5/2019,220000
1/12/2019,216000
1/19/2019,209000
1/26/2019,236000
2/2/2019,230000
2/9/2019,228000
2/16/2019,218000
2/23/2019,224000
3/2/2019,220000
3/9/2019,224000
3/16/2019,219000
3/23/2019,215000
3/30/2019,211000
4/6/2019,203000
4/13/2019,203000
4/20/2019,226000
4/27/2019,230000
5/4/2019,225000
5/11/2019,217000
5/18/2019,213000
5/25/2019,218000
6/1/2019,220000
6/8/2019,220000
6/15/2019,219000
6/22/2019,224000
6/29/2019,222000
7/6/2019,211000
7/13/2019,217000
7/20/2019,211000
7/27/2019,216000
8/3/2019,214000
8/10/2019,218000
8/17/2019,215000
8/24/2019,215000
8/31/2019,219000
9/7/2019,208000
9/14/2019,211000
9/21/2019,215000
9/28/2019,218000
10/5/2019,212000
10/12/2019,218000
10/19/2019,213000
10/26/2019,217000
11/2/2019,212000
11/9/2019,222000
11/16/2019,223000
11/23/2019,211000
11/30/2019,206000
12/7/2019,237000
12/14/2019,229000
12/21/2019,218000
12/28/2019,220000
1/4/2020,212000
1/11/2020,207000
1/18/2020,220000
1/25/2020,212000
2/1/2020,201000
2/8/2020,204000
2/15/2020,215000
2/22/2020,220000
2/29/2020,217000
3/7/2020,211000
3/14/2020,282000
3/21/2020,3307000
3/28/2020,6648000
